orderID,productID,unitPrice,quantity,discount
"10,248 ",11,14,12,0
"10,248 ",42,9.8,10,0
"10,248 ",72,34.8,5,0
"10,249 ",14,18.6,9,0
"10,249 ",51,42.4,40,0
"10,250 ",41,7.7,10,0
"10,250 ",51,42.4,35,0.15
"10,250 ",65,16.8,15,0.15
"10,251 ",22,16.8,6,0.05
"10,251 ",57,15.6,15,0.05
"10,251 ",65,16.8,20,0
"10,252 ",20,64.8,40,0.05
"10,252 ",33,2,25,0.05
"10,252 ",60,27.2,40,0
"10,253 ",31,10,20,0
"10,253 ",39,14.4,42,0
"10,253 ",49,16,40,0
"10,254 ",24,3.6,15,0.15
"10,254 ",55,19.2,21,0.15
"10,254 ",74,8,21,0
"10,255 ",2,15.2,20,0
"10,255 ",16,13.9,35,0
"10,255 ",36,15.2,25,0
"10,255 ",59,44,30,0
"10,256 ",53,26.2,15,0
"10,256 ",77,10.4,12,0
"10,257 ",27,35.1,25,0
"10,257 ",39,14.4,6,0
"10,257 ",77,10.4,15,0
"10,258 ",2,15.2,50,0.2
"10,258 ",5,17,65,0.2
"10,258 ",32,25.6,6,0.2
"10,259 ",21,8,10,0
"10,259 ",37,20.8,1,0
"10,260 ",41,7.7,16,0.25
"10,260 ",57,15.6,50,0
"10,260 ",62,39.4,15,0.25
"10,260 ",70,12,21,0.25
"10,261 ",21,8,20,0
"10,261 ",35,14.4,20,0
"10,262 ",5,17,12,0.2
"10,262 ",7,24,15,0
"10,262 ",56,30.4,2,0
"10,263 ",16,13.9,60,0.25
"10,263 ",24,3.6,28,0
"10,263 ",30,20.7,60,0.25
"10,263 ",74,8,36,0.25
"10,264 ",2,15.2,35,0
"10,264 ",41,7.7,25,0.15
"10,265 ",17,31.2,30,0
"10,265 ",70,12,20,0
"10,266 ",12,30.4,12,0.05
"10,267 ",40,14.7,50,0
"10,267 ",59,44,70,0.15
"10,267 ",76,14.4,15,0.15
"10,268 ",29,99,10,0
"10,268 ",72,27.8,4,0
"10,269 ",33,2,60,0.05
"10,269 ",72,27.8,20,0.05
"10,270 ",36,15.2,30,0
"10,270 ",43,36.8,25,0
"10,271 ",33,2,24,0
"10,272 ",20,64.8,6,0
"10,272 ",31,10,40,0
"10,272 ",72,27.8,24,0
"10,273 ",10,24.8,24,0.05
"10,273 ",31,10,15,0.05
"10,273 ",33,2,20,0
"10,273 ",40,14.7,60,0.05
"10,273 ",76,14.4,33,0.05
"10,274 ",71,17.2,20,0
"10,274 ",72,27.8,7,0
"10,275 ",24,3.6,12,0.05
"10,275 ",59,44,6,0.05
"10,276 ",10,24.8,15,0
"10,276 ",13,4.8,10,0
"10,277 ",28,36.4,20,0
"10,277 ",62,39.4,12,0
"10,278 ",44,15.5,16,0
"10,278 ",59,44,15,0
"10,278 ",63,35.1,8,0
"10,278 ",73,12,25,0
"10,279 ",17,31.2,15,0.25
"10,280 ",24,3.6,12,0
"10,280 ",55,19.2,20,0
"10,280 ",75,6.2,30,0
"10,281 ",19,7.3,1,0
"10,281 ",24,3.6,6,0
"10,281 ",35,14.4,4,0
"10,282 ",30,20.7,6,0
"10,282 ",57,15.6,2,0
"10,283 ",15,12.4,20,0
"10,283 ",19,7.3,18,0
"10,283 ",60,27.2,35,0
"10,283 ",72,27.8,3,0
"10,284 ",27,35.1,15,0.25
"10,284 ",44,15.5,21,0
"10,284 ",60,27.2,20,0.25
"10,284 ",67,11.2,5,0.25
"10,285 ",1,14.4,45,0.2
"10,285 ",40,14.7,40,0.2
"10,285 ",53,26.2,36,0.2
"10,286 ",35,14.4,100,0
"10,286 ",62,39.4,40,0
"10,287 ",16,13.9,40,0.15
"10,287 ",34,11.2,20,0
"10,287 ",46,9.6,15,0.15
"10,288 ",54,5.9,10,0.1
"10,288 ",68,10,3,0.1
"10,289 ",3,8,30,0
"10,289 ",64,26.6,9,0
"10,290 ",5,17,20,0
"10,290 ",29,99,15,0
"10,290 ",49,16,15,0
"10,290 ",77,10.4,10,0
"10,291 ",13,4.8,20,0.1
"10,291 ",44,15.5,24,0.1
"10,291 ",51,42.4,2,0.1
"10,292 ",20,64.8,20,0
"10,293 ",18,50,12,0
"10,293 ",24,3.6,10,0
"10,293 ",63,35.1,5,0
"10,293 ",75,6.2,6,0
"10,294 ",1,14.4,18,0
"10,294 ",17,31.2,15,0
"10,294 ",43,36.8,15,0
"10,294 ",60,27.2,21,0
"10,294 ",75,6.2,6,0
"10,295 ",56,30.4,4,0
"10,296 ",11,16.8,12,0
"10,296 ",16,13.9,30,0
"10,296 ",69,28.8,15,0
"10,297 ",39,14.4,60,0
"10,297 ",72,27.8,20,0
"10,298 ",2,15.2,40,0
"10,298 ",36,15.2,40,0.25
"10,298 ",59,44,30,0.25
"10,298 ",62,39.4,15,0
"10,299 ",19,7.3,15,0
"10,299 ",70,12,20,0
"10,300 ",66,13.6,30,0
"10,300 ",68,10,20,0
"10,301 ",40,14.7,10,0
"10,301 ",56,30.4,20,0
"10,302 ",17,31.2,40,0
"10,302 ",28,36.4,28,0
"10,302 ",43,36.8,12,0
"10,303 ",40,14.7,40,0.1
"10,303 ",65,16.8,30,0.1
"10,303 ",68,10,15,0.1
"10,304 ",49,16,30,0
"10,304 ",59,44,10,0
"10,304 ",71,17.2,2,0
"10,305 ",18,50,25,0.1
"10,305 ",29,99,25,0.1
"10,305 ",39,14.4,30,0.1
"10,306 ",30,20.7,10,0
"10,306 ",53,26.2,10,0
"10,306 ",54,5.9,5,0
"10,307 ",62,39.4,10,0
"10,307 ",68,10,3,0
"10,308 ",69,28.8,1,0
"10,308 ",70,12,5,0
"10,309 ",4,17.6,20,0
"10,309 ",6,20,30,0
"10,309 ",42,11.2,2,0
"10,309 ",43,36.8,20,0
"10,309 ",71,17.2,3,0
"10,310 ",16,13.9,10,0
"10,310 ",62,39.4,5,0
"10,311 ",42,11.2,6,0
"10,311 ",69,28.8,7,0
"10,312 ",28,36.4,4,0
"10,312 ",43,36.8,24,0
"10,312 ",53,26.2,20,0
"10,312 ",75,6.2,10,0
"10,313 ",36,15.2,12,0
"10,314 ",32,25.6,40,0.1
"10,314 ",58,10.6,30,0.1
"10,314 ",62,39.4,25,0.1
"10,315 ",34,11.2,14,0
"10,315 ",70,12,30,0
"10,316 ",41,7.7,10,0
"10,316 ",62,39.4,70,0
"10,317 ",1,14.4,20,0
"10,318 ",41,7.7,20,0
"10,318 ",76,14.4,6,0
"10,319 ",17,31.2,8,0
"10,319 ",28,36.4,14,0
"10,319 ",76,14.4,30,0
"10,320 ",71,17.2,30,0
"10,321 ",35,14.4,10,0
"10,322 ",52,5.6,20,0
"10,323 ",15,12.4,5,0
"10,323 ",25,11.2,4,0
"10,323 ",39,14.4,4,0
"10,324 ",16,13.9,21,0.15
"10,324 ",35,14.4,70,0.15
"10,324 ",46,9.6,30,0
"10,324 ",59,44,40,0.15
"10,324 ",63,35.1,80,0.15
"10,325 ",6,20,6,0
"10,325 ",13,4.8,12,0
"10,325 ",14,18.6,9,0
"10,325 ",31,10,4,0
"10,325 ",72,27.8,40,0
"10,326 ",4,17.6,24,0
"10,326 ",57,15.6,16,0
"10,326 ",75,6.2,50,0
"10,327 ",2,15.2,25,0.2
"10,327 ",11,16.8,50,0.2
"10,327 ",30,20.7,35,0.2
"10,327 ",58,10.6,30,0.2
"10,328 ",59,44,9,0
"10,328 ",65,16.8,40,0
"10,328 ",68,10,10,0
"10,329 ",19,7.3,10,0.05
"10,329 ",30,20.7,8,0.05
"10,329 ",38,210.8,20,0.05
"10,329 ",56,30.4,12,0.05
"10,330 ",26,24.9,50,0.15
"10,330 ",72,27.8,25,0.15
"10,331 ",54,5.9,15,0
"10,332 ",18,50,40,0.2
"10,332 ",42,11.2,10,0.2
"10,332 ",47,7.6,16,0.2
"10,333 ",14,18.6,10,0
"10,333 ",21,8,10,0.1
"10,333 ",71,17.2,40,0.1
"10,334 ",52,5.6,8,0
"10,334 ",68,10,10,0
"10,335 ",2,15.2,7,0.2
"10,335 ",31,10,25,0.2
"10,335 ",32,25.6,6,0.2
"10,335 ",51,42.4,48,0.2
"10,336 ",4,17.6,18,0.1
"10,337 ",23,7.2,40,0
"10,337 ",26,24.9,24,0
"10,337 ",36,15.2,20,0
"10,337 ",37,20.8,28,0
"10,337 ",72,27.8,25,0
"10,338 ",17,31.2,20,0
"10,338 ",30,20.7,15,0
"10,339 ",4,17.6,10,0
"10,339 ",17,31.2,70,0.05
"10,339 ",62,39.4,28,0
"10,340 ",18,50,20,0.05
"10,340 ",41,7.7,12,0.05
"10,340 ",43,36.8,40,0.05
"10,341 ",33,2,8,0
"10,341 ",59,44,9,0.15
"10,342 ",2,15.2,24,0.2
"10,342 ",31,10,56,0.2
"10,342 ",36,15.2,40,0.2
"10,342 ",55,19.2,40,0.2
"10,343 ",64,26.6,50,0
"10,343 ",68,10,4,0.05
"10,343 ",76,14.4,15,0
"10,344 ",4,17.6,35,0
"10,344 ",8,32,70,0.25
"10,345 ",8,32,70,0
"10,345 ",19,7.3,80,0
"10,345 ",42,11.2,9,0
"10,346 ",17,31.2,36,0.1
"10,346 ",56,30.4,20,0
"10,347 ",25,11.2,10,0
"10,347 ",39,14.4,50,0.15
"10,347 ",40,14.7,4,0
"10,347 ",75,6.2,6,0.15
"10,348 ",1,14.4,15,0.15
"10,348 ",23,7.2,25,0
"10,349 ",54,5.9,24,0
"10,350 ",50,13,15,0.1
"10,350 ",69,28.8,18,0.1
"10,351 ",38,210.8,20,0.05
"10,351 ",41,7.7,13,0
"10,351 ",44,15.5,77,0.05
"10,351 ",65,16.8,10,0.05
"10,352 ",24,3.6,10,0
"10,352 ",54,5.9,20,0.15
"10,353 ",11,16.8,12,0.2
"10,353 ",38,210.8,50,0.2
"10,354 ",1,14.4,12,0
"10,354 ",29,99,4,0
"10,355 ",24,3.6,25,0
"10,355 ",57,15.6,25,0
"10,356 ",31,10,30,0
"10,356 ",55,19.2,12,0
"10,356 ",69,28.8,20,0
"10,357 ",10,24.8,30,0.2
"10,357 ",26,24.9,16,0
"10,357 ",60,27.2,8,0.2
"10,358 ",24,3.6,10,0.05
"10,358 ",34,11.2,10,0.05
"10,358 ",36,15.2,20,0.05
"10,359 ",16,13.9,56,0.05
"10,359 ",31,10,70,0.05
"10,359 ",60,27.2,80,0.05
"10,360 ",28,36.4,30,0
"10,360 ",29,99,35,0
"10,360 ",38,210.8,10,0
"10,360 ",49,16,35,0
"10,360 ",54,5.9,28,0
"10,361 ",39,14.4,54,0.1
"10,361 ",60,27.2,55,0.1
"10,362 ",25,11.2,50,0
"10,362 ",51,42.4,20,0
"10,362 ",54,5.9,24,0
"10,363 ",31,10,20,0
"10,363 ",75,6.2,12,0
"10,363 ",76,14.4,12,0
"10,364 ",69,28.8,30,0
"10,364 ",71,17.2,5,0
"10,365 ",11,16.8,24,0
"10,366 ",65,16.8,5,0
"10,366 ",77,10.4,5,0
"10,367 ",34,11.2,36,0
"10,367 ",54,5.9,18,0
"10,367 ",65,16.8,15,0
"10,367 ",77,10.4,7,0
"10,368 ",21,8,5,0.1
"10,368 ",28,36.4,13,0.1
"10,368 ",57,15.6,25,0
"10,368 ",64,26.6,35,0.1
"10,369 ",29,99,20,0
"10,369 ",56,30.4,18,0.25
"10,370 ",1,14.4,15,0.15
"10,370 ",64,26.6,30,0
"10,370 ",74,8,20,0.15
"10,371 ",36,15.2,6,0.2
"10,372 ",20,64.8,12,0.25
"10,372 ",38,210.8,40,0.25
"10,372 ",60,27.2,70,0.25
"10,372 ",72,27.8,42,0.25
"10,373 ",58,10.6,80,0.2
"10,373 ",71,17.2,50,0.2
"10,374 ",31,10,30,0
"10,374 ",58,10.6,15,0
"10,375 ",14,18.6,15,0
"10,375 ",54,5.9,10,0
"10,376 ",31,10,42,0.05
"10,377 ",28,36.4,20,0.15
"10,377 ",39,14.4,20,0.15
"10,378 ",71,17.2,6,0
"10,379 ",41,7.7,8,0.1
"10,379 ",63,35.1,16,0.1
"10,379 ",65,16.8,20,0.1
"10,380 ",30,20.7,18,0.1
"10,380 ",53,26.2,20,0.1
"10,380 ",60,27.2,6,0.1
"10,380 ",70,12,30,0
"10,381 ",74,8,14,0
"10,382 ",5,17,32,0
"10,382 ",18,50,9,0
"10,382 ",29,99,14,0
"10,382 ",33,2,60,0
"10,382 ",74,8,50,0
"10,383 ",13,4.8,20,0
"10,383 ",50,13,15,0
"10,383 ",56,30.4,20,0
"10,384 ",20,64.8,28,0
"10,384 ",60,27.2,15,0
"10,385 ",7,24,10,0.2
"10,385 ",60,27.2,20,0.2
"10,385 ",68,10,8,0.2
"10,386 ",24,3.6,15,0
"10,386 ",34,11.2,10,0
"10,387 ",24,3.6,15,0
"10,387 ",28,36.4,6,0
"10,387 ",59,44,12,0
"10,387 ",71,17.2,15,0
"10,388 ",45,7.6,15,0.2
"10,388 ",52,5.6,20,0.2
"10,388 ",53,26.2,40,0
"10,389 ",10,24.8,16,0
"10,389 ",55,19.2,15,0
"10,389 ",62,39.4,20,0
"10,389 ",70,12,30,0
"10,390 ",31,10,60,0.1
"10,390 ",35,14.4,40,0.1
"10,390 ",46,9.6,45,0
"10,390 ",72,27.8,24,0.1
"10,391 ",13,4.8,18,0
"10,392 ",69,28.8,50,0
"10,393 ",2,15.2,25,0.25
"10,393 ",14,18.6,42,0.25
"10,393 ",25,11.2,7,0.25
"10,393 ",26,24.9,70,0.25
"10,393 ",31,10,32,0
"10,394 ",13,4.8,10,0
"10,394 ",62,39.4,10,0
"10,395 ",46,9.6,28,0.1
"10,395 ",53,26.2,70,0.1
"10,395 ",69,28.8,8,0
"10,396 ",23,7.2,40,0
"10,396 ",71,17.2,60,0
"10,396 ",72,27.8,21,0
"10,397 ",21,8,10,0.15
"10,397 ",51,42.4,18,0.15
"10,398 ",35,14.4,30,0
"10,398 ",55,19.2,120,0.1
"10,399 ",68,10,60,0
"10,399 ",71,17.2,30,0
"10,399 ",76,14.4,35,0
"10,399 ",77,10.4,14,0
"10,400 ",29,99,21,0
"10,400 ",35,14.4,35,0
"10,400 ",49,16,30,0
"10,401 ",30,20.7,18,0
"10,401 ",56,30.4,70,0
"10,401 ",65,16.8,20,0
"10,401 ",71,17.2,60,0
"10,402 ",23,7.2,60,0
"10,402 ",63,35.1,65,0
"10,403 ",16,13.9,21,0.15
"10,403 ",48,10.2,70,0.15
"10,404 ",26,24.9,30,0.05
"10,404 ",42,11.2,40,0.05
"10,404 ",49,16,30,0.05
"10,405 ",3,8,50,0
"10,406 ",1,14.4,10,0
"10,406 ",21,8,30,0.1
"10,406 ",28,36.4,42,0.1
"10,406 ",36,15.2,5,0.1
"10,406 ",40,14.7,2,0.1
"10,407 ",11,16.8,30,0
"10,407 ",69,28.8,15,0
"10,407 ",71,17.2,15,0
"10,408 ",37,20.8,10,0
"10,408 ",54,5.9,6,0
"10,408 ",62,39.4,35,0
"10,409 ",14,18.6,12,0
"10,409 ",21,8,12,0
"10,410 ",33,2,49,0
"10,410 ",59,44,16,0
"10,411 ",41,7.7,25,0.2
"10,411 ",44,15.5,40,0.2
"10,411 ",59,44,9,0.2
"10,412 ",14,18.6,20,0.1
"10,413 ",1,14.4,24,0
"10,413 ",62,39.4,40,0
"10,413 ",76,14.4,14,0
"10,414 ",19,7.3,18,0.05
"10,414 ",33,2,50,0
"10,415 ",17,31.2,2,0
"10,415 ",33,2,20,0
"10,416 ",19,7.3,20,0
"10,416 ",53,26.2,10,0
"10,416 ",57,15.6,20,0
"10,417 ",38,210.8,50,0
"10,417 ",46,9.6,2,0.25
"10,417 ",68,10,36,0.25
"10,417 ",77,10.4,35,0
"10,418 ",2,15.2,60,0
"10,418 ",47,7.6,55,0
"10,418 ",61,22.8,16,0
"10,418 ",74,8,15,0
"10,419 ",60,27.2,60,0.05
"10,419 ",69,28.8,20,0.05
"10,420 ",9,77.6,20,0.1
"10,420 ",13,4.8,2,0.1
"10,420 ",70,12,8,0.1
"10,420 ",73,12,20,0.1
"10,421 ",19,7.3,4,0.15
"10,421 ",26,24.9,30,0
"10,421 ",53,26.2,15,0.15
"10,421 ",77,10.4,10,0.15
"10,422 ",26,24.9,2,0
"10,423 ",31,10,14,0
"10,423 ",59,44,20,0
"10,424 ",35,14.4,60,0.2
"10,424 ",38,210.8,49,0.2
"10,424 ",68,10,30,0.2
"10,425 ",55,19.2,10,0.25
"10,425 ",76,14.4,20,0.25
"10,426 ",56,30.4,5,0
"10,426 ",64,26.6,7,0
"10,427 ",14,18.6,35,0
"10,428 ",46,9.6,20,0
"10,429 ",50,13,40,0
"10,429 ",63,35.1,35,0.25
"10,430 ",17,31.2,45,0.2
"10,430 ",21,8,50,0
"10,430 ",56,30.4,30,0
"10,430 ",59,44,70,0.2
"10,431 ",17,31.2,50,0.25
"10,431 ",40,14.7,50,0.25
"10,431 ",47,7.6,30,0.25
"10,432 ",26,24.9,10,0
"10,432 ",54,5.9,40,0
"10,433 ",56,30.4,28,0
"10,434 ",11,16.8,6,0
"10,434 ",76,14.4,18,0.15
"10,435 ",2,15.2,10,0
"10,435 ",22,16.8,12,0
"10,435 ",72,27.8,10,0
"10,436 ",46,9.6,5,0
"10,436 ",56,30.4,40,0.1
"10,436 ",64,26.6,30,0.1
"10,436 ",75,6.2,24,0.1
"10,437 ",53,26.2,15,0
"10,438 ",19,7.3,15,0.2
"10,438 ",34,11.2,20,0.2
"10,438 ",57,15.6,15,0.2
"10,439 ",12,30.4,15,0
"10,439 ",16,13.9,16,0
"10,439 ",64,26.6,6,0
"10,439 ",74,8,30,0
"10,440 ",2,15.2,45,0.15
"10,440 ",16,13.9,49,0.15
"10,440 ",29,99,24,0.15
"10,440 ",61,22.8,90,0.15
"10,441 ",27,35.1,50,0
"10,442 ",11,16.8,30,0
"10,442 ",54,5.9,80,0
"10,442 ",66,13.6,60,0
"10,443 ",11,16.8,6,0.2
"10,443 ",28,36.4,12,0
"10,444 ",17,31.2,10,0
"10,444 ",26,24.9,15,0
"10,444 ",35,14.4,8,0
"10,444 ",41,7.7,30,0
"10,445 ",39,14.4,6,0
"10,445 ",54,5.9,15,0
"10,446 ",19,7.3,12,0.1
"10,446 ",24,3.6,20,0.1
"10,446 ",31,10,3,0.1
"10,446 ",52,5.6,15,0.1
"10,447 ",19,7.3,40,0
"10,447 ",65,16.8,35,0
"10,447 ",71,17.2,2,0
"10,448 ",26,24.9,6,0
"10,448 ",40,14.7,20,0
"10,449 ",10,24.8,14,0
"10,449 ",52,5.6,20,0
"10,449 ",62,39.4,35,0
"10,450 ",10,24.8,20,0.2
"10,450 ",54,5.9,6,0.2
"10,451 ",55,19.2,120,0.1
"10,451 ",64,26.6,35,0.1
"10,451 ",65,16.8,28,0.1
"10,451 ",77,10.4,55,0.1
"10,452 ",28,36.4,15,0
"10,452 ",44,15.5,100,0.05
"10,453 ",48,10.2,15,0.1
"10,453 ",70,12,25,0.1
"10,454 ",16,13.9,20,0.2
"10,454 ",33,2,20,0.2
"10,454 ",46,9.6,10,0.2
"10,455 ",39,14.4,20,0
"10,455 ",53,26.2,50,0
"10,455 ",61,22.8,25,0
"10,455 ",71,17.2,30,0
"10,456 ",21,8,40,0.15
"10,456 ",49,16,21,0.15
"10,457 ",59,44,36,0
"10,458 ",26,24.9,30,0
"10,458 ",28,36.4,30,0
"10,458 ",43,36.8,20,0
"10,458 ",56,30.4,15,0
"10,458 ",71,17.2,50,0
"10,459 ",7,24,16,0.05
"10,459 ",46,9.6,20,0.05
"10,459 ",72,27.8,40,0
"10,460 ",68,10,21,0.25
"10,460 ",75,6.2,4,0.25
"10,461 ",21,8,40,0.25
"10,461 ",30,20.7,28,0.25
"10,461 ",55,19.2,60,0.25
"10,462 ",13,4.8,1,0
"10,462 ",23,7.2,21,0
"10,463 ",19,7.3,21,0
"10,463 ",42,11.2,50,0
"10,464 ",4,17.6,16,0.2
"10,464 ",43,36.8,3,0
"10,464 ",56,30.4,30,0.2
"10,464 ",60,27.2,20,0
"10,465 ",24,3.6,25,0
"10,465 ",29,99,18,0.1
"10,465 ",40,14.7,20,0
"10,465 ",45,7.6,30,0.1
"10,465 ",50,13,25,0
"10,466 ",11,16.8,10,0
"10,466 ",46,9.6,5,0
"10,467 ",24,3.6,28,0
"10,467 ",25,11.2,12,0
"10,468 ",30,20.7,8,0
"10,468 ",43,36.8,15,0
"10,469 ",2,15.2,40,0.15
"10,469 ",16,13.9,35,0.15
"10,469 ",44,15.5,2,0.15
"10,470 ",18,50,30,0
"10,470 ",23,7.2,15,0
"10,470 ",64,26.6,8,0
"10,471 ",7,24,30,0
"10,471 ",56,30.4,20,0
"10,472 ",24,3.6,80,0.05
"10,472 ",51,42.4,18,0
"10,473 ",33,2,12,0
"10,473 ",71,17.2,12,0
"10,474 ",14,18.6,12,0
"10,474 ",28,36.4,18,0
"10,474 ",40,14.7,21,0
"10,474 ",75,6.2,10,0
"10,475 ",31,10,35,0.15
"10,475 ",66,13.6,60,0.15
"10,475 ",76,14.4,42,0.15
"10,476 ",55,19.2,2,0.05
"10,476 ",70,12,12,0
"10,477 ",1,14.4,15,0
"10,477 ",21,8,21,0.25
"10,477 ",39,14.4,20,0.25
"10,478 ",10,24.8,20,0.05
"10,479 ",38,210.8,30,0
"10,479 ",53,26.2,28,0
"10,479 ",59,44,60,0
"10,479 ",64,26.6,30,0
"10,480 ",47,7.6,30,0
"10,480 ",59,44,12,0
"10,481 ",49,16,24,0
"10,481 ",60,27.2,40,0
"10,482 ",40,14.7,10,0
"10,483 ",34,11.2,35,0.05
"10,483 ",77,10.4,30,0.05
"10,484 ",21,8,14,0
"10,484 ",40,14.7,10,0
"10,484 ",51,42.4,3,0
"10,485 ",2,15.2,20,0.1
"10,485 ",3,8,20,0.1
"10,485 ",55,19.2,30,0.1
"10,485 ",70,12,60,0.1
"10,486 ",11,16.8,5,0
"10,486 ",51,42.4,25,0
"10,486 ",74,8,16,0
"10,487 ",19,7.3,5,0
"10,487 ",26,24.9,30,0
"10,487 ",54,5.9,24,0.25
"10,488 ",59,44,30,0
"10,488 ",73,12,20,0.2
"10,489 ",11,16.8,15,0.25
"10,489 ",16,13.9,18,0
"10,490 ",59,44,60,0
"10,490 ",68,10,30,0
"10,490 ",75,6.2,36,0
"10,491 ",44,15.5,15,0.15
"10,491 ",77,10.4,7,0.15
"10,492 ",25,11.2,60,0.05
"10,492 ",42,11.2,20,0.05
"10,493 ",65,16.8,15,0.1
"10,493 ",66,13.6,10,0.1
"10,493 ",69,28.8,10,0.1
"10,494 ",56,30.4,30,0
"10,495 ",23,7.2,10,0
"10,495 ",41,7.7,20,0
"10,495 ",77,10.4,5,0
"10,496 ",31,10,20,0.05
"10,497 ",56,30.4,14,0
"10,497 ",72,27.8,25,0
"10,497 ",77,10.4,25,0
"10,498 ",24,4.5,14,0
"10,498 ",40,18.4,5,0
"10,498 ",42,14,30,0
"10,499 ",28,45.6,20,0
"10,499 ",49,20,25,0
"10,500 ",15,15.5,12,0.05
"10,500 ",28,45.6,8,0.05
"10,501 ",54,7.45,20,0
"10,502 ",45,9.5,21,0
"10,502 ",53,32.8,6,0
"10,502 ",67,14,30,0
"10,503 ",14,23.25,70,0
"10,503 ",65,21.05,20,0
"10,504 ",2,19,12,0
"10,504 ",21,10,12,0
"10,504 ",53,32.8,10,0
"10,504 ",61,28.5,25,0
"10,505 ",62,49.3,3,0
"10,506 ",25,14,18,0.1
"10,506 ",70,15,14,0.1
"10,507 ",43,46,15,0.15
"10,507 ",48,12.75,15,0.15
"10,508 ",13,6,10,0
"10,508 ",39,18,10,0
"10,509 ",28,45.6,3,0
"10,510 ",29,123.79,36,0
"10,510 ",75,7.75,36,0.1
"10,511 ",4,22,50,0.15
"10,511 ",7,30,50,0.15
"10,511 ",8,40,10,0.15
"10,512 ",24,4.5,10,0.15
"10,512 ",46,12,9,0.15
"10,512 ",47,9.5,6,0.15
"10,512 ",60,34,12,0.15
"10,513 ",21,10,40,0.2
"10,513 ",32,32,50,0.2
"10,513 ",61,28.5,15,0.2
"10,514 ",20,81,39,0
"10,514 ",28,45.6,35,0
"10,514 ",56,38,70,0
"10,514 ",65,21.05,39,0
"10,514 ",75,7.75,50,0
"10,515 ",9,97,16,0.15
"10,515 ",16,17.45,50,0
"10,515 ",27,43.9,120,0
"10,515 ",33,2.5,16,0.15
"10,515 ",60,34,84,0.15
"10,516 ",18,62.5,25,0.1
"10,516 ",41,9.65,80,0.1
"10,516 ",42,14,20,0
"10,517 ",52,7,6,0
"10,517 ",59,55,4,0
"10,517 ",70,15,6,0
"10,518 ",24,4.5,5,0
"10,518 ",38,263.5,15,0
"10,518 ",44,19.45,9,0
"10,519 ",10,31,16,0.05
"10,519 ",56,38,40,0
"10,519 ",60,34,10,0.05
"10,520 ",24,4.5,8,0
"10,520 ",53,32.8,5,0
"10,521 ",35,18,3,0
"10,521 ",41,9.65,10,0
"10,521 ",68,12.5,6,0
"10,522 ",1,18,40,0.2
"10,522 ",8,40,24,0
"10,522 ",30,25.89,20,0.2
"10,522 ",40,18.4,25,0.2
"10,523 ",17,39,25,0.1
"10,523 ",20,81,15,0.1
"10,523 ",37,26,18,0.1
"10,523 ",41,9.65,6,0.1
"10,524 ",10,31,2,0
"10,524 ",30,25.89,10,0
"10,524 ",43,46,60,0
"10,524 ",54,7.45,15,0
"10,525 ",36,19,30,0
"10,525 ",40,18.4,15,0.1
"10,526 ",1,18,8,0.15
"10,526 ",13,6,10,0
"10,526 ",56,38,30,0.15
"10,527 ",4,22,50,0.1
"10,527 ",36,19,30,0.1
"10,528 ",11,21,3,0
"10,528 ",33,2.5,8,0.2
"10,528 ",72,34.8,9,0
"10,529 ",55,24,14,0
"10,529 ",68,12.5,20,0
"10,529 ",69,36,10,0
"10,530 ",17,39,40,0
"10,530 ",43,46,25,0
"10,530 ",61,28.5,20,0
"10,530 ",76,18,50,0
"10,531 ",59,55,2,0
"10,532 ",30,25.89,15,0
"10,532 ",66,17,24,0
"10,533 ",4,22,50,0.05
"10,533 ",72,34.8,24,0
"10,533 ",73,15,24,0.05
"10,534 ",30,25.89,10,0
"10,534 ",40,18.4,10,0.2
"10,534 ",54,7.45,10,0.2
"10,535 ",11,21,50,0.1
"10,535 ",40,18.4,10,0.1
"10,535 ",57,19.5,5,0.1
"10,535 ",59,55,15,0.1
"10,536 ",12,38,15,0.25
"10,536 ",31,12.5,20,0
"10,536 ",33,2.5,30,0
"10,536 ",60,34,35,0.25
"10,537 ",31,12.5,30,0
"10,537 ",51,53,6,0
"10,537 ",58,13.25,20,0
"10,537 ",72,34.8,21,0
"10,537 ",73,15,9,0
"10,538 ",70,15,7,0
"10,538 ",72,34.8,1,0
"10,539 ",13,6,8,0
"10,539 ",21,10,15,0
"10,539 ",33,2.5,15,0
"10,539 ",49,20,6,0
"10,540 ",3,10,60,0
"10,540 ",26,31.23,40,0
"10,540 ",38,263.5,30,0
"10,540 ",68,12.5,35,0
"10,541 ",24,4.5,35,0.1
"10,541 ",38,263.5,4,0.1
"10,541 ",65,21.05,36,0.1
"10,541 ",71,21.5,9,0.1
"10,542 ",11,21,15,0.05
"10,542 ",54,7.45,24,0.05
"10,543 ",12,38,30,0.15
"10,543 ",23,9,70,0.15
"10,544 ",28,45.6,7,0
"10,544 ",67,14,7,0
"10,545 ",11,21,10,0
"10,546 ",7,30,10,0
"10,546 ",35,18,30,0
"10,546 ",62,49.3,40,0
"10,547 ",32,32,24,0.15
"10,547 ",36,19,60,0
"10,548 ",34,14,10,0.25
"10,548 ",41,9.65,14,0
"10,549 ",31,12.5,55,0.15
"10,549 ",45,9.5,100,0.15
"10,549 ",51,53,48,0.15
"10,550 ",17,39,8,0.1
"10,550 ",19,9.2,10,0
"10,550 ",21,10,6,0.1
"10,550 ",61,28.5,10,0.1
"10,551 ",16,17.45,40,0.15
"10,551 ",35,18,20,0.15
"10,551 ",44,19.45,40,0
"10,552 ",69,36,18,0
"10,552 ",75,7.75,30,0
"10,553 ",11,21,15,0
"10,553 ",16,17.45,14,0
"10,553 ",22,21,24,0
"10,553 ",31,12.5,30,0
"10,553 ",35,18,6,0
"10,554 ",16,17.45,30,0.05
"10,554 ",23,9,20,0.05
"10,554 ",62,49.3,20,0.05
"10,554 ",77,13,10,0.05
"10,555 ",14,23.25,30,0.2
"10,555 ",19,9.2,35,0.2
"10,555 ",24,4.5,18,0.2
"10,555 ",51,53,20,0.2
"10,555 ",56,38,40,0.2
"10,556 ",72,34.8,24,0
"10,557 ",64,33.25,30,0
"10,557 ",75,7.75,20,0
"10,558 ",47,9.5,25,0
"10,558 ",51,53,20,0
"10,558 ",52,7,30,0
"10,558 ",53,32.8,18,0
"10,558 ",73,15,3,0
"10,559 ",41,9.65,12,0.05
"10,559 ",55,24,18,0.05
"10,560 ",30,25.89,20,0
"10,560 ",62,49.3,15,0.25
"10,561 ",44,19.45,10,0
"10,561 ",51,53,50,0
"10,562 ",33,2.5,20,0.1
"10,562 ",62,49.3,10,0.1
"10,563 ",36,19,25,0
"10,563 ",52,7,70,0
"10,564 ",17,39,16,0.05
"10,564 ",31,12.5,6,0.05
"10,564 ",55,24,25,0.05
"10,565 ",24,4.5,25,0.1
"10,565 ",64,33.25,18,0.1
"10,566 ",11,21,35,0.15
"10,566 ",18,62.5,18,0.15
"10,566 ",76,18,10,0
"10,567 ",31,12.5,60,0.2
"10,567 ",51,53,3,0
"10,567 ",59,55,40,0.2
"10,568 ",10,31,5,0
"10,569 ",31,12.5,35,0.2
"10,569 ",76,18,30,0
"10,570 ",11,21,15,0.05
"10,570 ",56,38,60,0.05
"10,571 ",14,23.25,11,0.15
"10,571 ",42,14,28,0.15
"10,572 ",16,17.45,12,0.1
"10,572 ",32,32,10,0.1
"10,572 ",40,18.4,50,0
"10,572 ",75,7.75,15,0.1
"10,573 ",17,39,18,0
"10,573 ",34,14,40,0
"10,573 ",53,32.8,25,0
"10,574 ",33,2.5,14,0
"10,574 ",40,18.4,2,0
"10,574 ",62,49.3,10,0
"10,574 ",64,33.25,6,0
"10,575 ",59,55,12,0
"10,575 ",63,43.9,6,0
"10,575 ",72,34.8,30,0
"10,575 ",76,18,10,0
"10,576 ",1,18,10,0
"10,576 ",31,12.5,20,0
"10,576 ",44,19.45,21,0
"10,577 ",39,18,10,0
"10,577 ",75,7.75,20,0
"10,577 ",77,13,18,0
"10,578 ",35,18,20,0
"10,578 ",57,19.5,6,0
"10,579 ",15,15.5,10,0
"10,579 ",75,7.75,21,0
"10,580 ",14,23.25,15,0.05
"10,580 ",41,9.65,9,0.05
"10,580 ",65,21.05,30,0.05
"10,581 ",75,7.75,50,0.2
"10,582 ",57,19.5,4,0
"10,582 ",76,18,14,0
"10,583 ",29,123.79,10,0
"10,583 ",60,34,24,0.15
"10,583 ",69,36,10,0.15
"10,584 ",31,12.5,50,0.05
"10,585 ",47,9.5,15,0
"10,586 ",52,7,4,0.15
"10,587 ",26,31.23,6,0
"10,587 ",35,18,20,0
"10,587 ",77,13,20,0
"10,588 ",18,62.5,40,0.2
"10,588 ",42,14,100,0.2
"10,589 ",35,18,4,0
"10,590 ",1,18,20,0
"10,590 ",77,13,60,0.05
"10,591 ",3,10,14,0
"10,591 ",7,30,10,0
"10,591 ",54,7.45,50,0
"10,592 ",15,15.5,25,0.05
"10,592 ",26,31.23,5,0.05
"10,593 ",20,81,21,0.2
"10,593 ",69,36,20,0.2
"10,593 ",76,18,4,0.2
"10,594 ",52,7,24,0
"10,594 ",58,13.25,30,0
"10,595 ",35,18,30,0.25
"10,595 ",61,28.5,120,0.25
"10,595 ",69,36,65,0.25
"10,596 ",56,38,5,0.2
"10,596 ",63,43.9,24,0.2
"10,596 ",75,7.75,30,0.2
"10,597 ",24,4.5,35,0.2
"10,597 ",57,19.5,20,0
"10,597 ",65,21.05,12,0.2
"10,598 ",27,43.9,50,0
"10,598 ",71,21.5,9,0
"10,599 ",62,49.3,10,0
"10,600 ",54,7.45,4,0
"10,600 ",73,15,30,0
"10,601 ",13,6,60,0
"10,601 ",59,55,35,0
"10,602 ",77,13,5,0.25
"10,603 ",22,21,48,0
"10,603 ",49,20,25,0.05
"10,604 ",48,12.75,6,0.1
"10,604 ",76,18,10,0.1
"10,605 ",16,17.45,30,0.05
"10,605 ",59,55,20,0.05
"10,605 ",60,34,70,0.05
"10,605 ",71,21.5,15,0.05
"10,606 ",4,22,20,0.2
"10,606 ",55,24,20,0.2
"10,606 ",62,49.3,10,0.2
"10,607 ",7,30,45,0
"10,607 ",17,39,100,0
"10,607 ",33,2.5,14,0
"10,607 ",40,18.4,42,0
"10,607 ",72,34.8,12,0
"10,608 ",56,38,28,0
"10,609 ",1,18,3,0
"10,609 ",10,31,10,0
"10,609 ",21,10,6,0
"10,610 ",36,19,21,0.25
"10,611 ",1,18,6,0
"10,611 ",2,19,10,0
"10,611 ",60,34,15,0
"10,612 ",10,31,70,0
"10,612 ",36,19,55,0
"10,612 ",49,20,18,0
"10,612 ",60,34,40,0
"10,612 ",76,18,80,0
"10,613 ",13,6,8,0.1
"10,613 ",75,7.75,40,0
"10,614 ",11,21,14,0
"10,614 ",21,10,8,0
"10,614 ",39,18,5,0
"10,615 ",55,24,5,0
"10,616 ",38,263.5,15,0.05
"10,616 ",56,38,14,0
"10,616 ",70,15,15,0.05
"10,616 ",71,21.5,15,0.05
"10,617 ",59,55,30,0.15
"10,618 ",6,25,70,0
"10,618 ",56,38,20,0
"10,618 ",68,12.5,15,0
"10,619 ",21,10,42,0
"10,619 ",22,21,40,0
"10,620 ",24,4.5,5,0
"10,620 ",52,7,5,0
"10,621 ",19,9.2,5,0
"10,621 ",23,9,10,0
"10,621 ",70,15,20,0
"10,621 ",71,21.5,15,0
"10,622 ",2,19,20,0
"10,622 ",68,12.5,18,0.2
"10,623 ",14,23.25,21,0
"10,623 ",19,9.2,15,0.1
"10,623 ",21,10,25,0.1
"10,623 ",24,4.5,3,0
"10,623 ",35,18,30,0.1
"10,624 ",28,45.6,10,0
"10,624 ",29,123.79,6,0
"10,624 ",44,19.45,10,0
"10,625 ",14,23.25,3,0
"10,625 ",42,14,5,0
"10,625 ",60,34,10,0
"10,626 ",53,32.8,12,0
"10,626 ",60,34,20,0
"10,626 ",71,21.5,20,0
"10,627 ",62,49.3,15,0
"10,627 ",73,15,35,0.15
"10,628 ",1,18,25,0
"10,629 ",29,123.79,20,0
"10,629 ",64,33.25,9,0
"10,630 ",55,24,12,0.05
"10,630 ",76,18,35,0
"10,631 ",75,7.75,8,0.1
"10,632 ",2,19,30,0.05
"10,632 ",33,2.5,20,0.05
"10,633 ",12,38,36,0.15
"10,633 ",13,6,13,0.15
"10,633 ",26,31.23,35,0.15
"10,633 ",62,49.3,80,0.15
"10,634 ",7,30,35,0
"10,634 ",18,62.5,50,0
"10,634 ",51,53,15,0
"10,634 ",75,7.75,2,0
"10,635 ",4,22,10,0.1
"10,635 ",5,21.35,15,0.1
"10,635 ",22,21,40,0
"10,636 ",4,22,25,0
"10,636 ",58,13.25,6,0
"10,637 ",11,21,10,0
"10,637 ",50,16.25,25,0.05
"10,637 ",56,38,60,0.05
"10,638 ",45,9.5,20,0
"10,638 ",65,21.05,21,0
"10,638 ",72,34.8,60,0
"10,639 ",18,62.5,8,0
"10,640 ",69,36,20,0.25
"10,640 ",70,15,15,0.25
"10,641 ",2,19,50,0
"10,641 ",40,18.4,60,0
"10,642 ",21,10,30,0.2
"10,642 ",61,28.5,20,0.2
"10,643 ",28,45.6,15,0.25
"10,643 ",39,18,21,0.25
"10,643 ",46,12,2,0.25
"10,644 ",18,62.5,4,0.1
"10,644 ",43,46,20,0
"10,644 ",46,12,21,0.1
"10,645 ",18,62.5,20,0
"10,645 ",36,19,15,0
"10,646 ",1,18,15,0.25
"10,646 ",10,31,18,0.25
"10,646 ",71,21.5,30,0.25
"10,646 ",77,13,35,0.25
"10,647 ",19,9.2,30,0
"10,647 ",39,18,20,0
"10,648 ",22,21,15,0
"10,648 ",24,4.5,15,0.15
"10,649 ",28,45.6,20,0
"10,649 ",72,34.8,15,0
"10,650 ",30,25.89,30,0
"10,650 ",53,32.8,25,0.05
"10,650 ",54,7.45,30,0
"10,651 ",19,9.2,12,0.25
"10,651 ",22,21,20,0.25
"10,652 ",30,25.89,2,0.25
"10,652 ",42,14,20,0
"10,653 ",16,17.45,30,0.1
"10,653 ",60,34,20,0.1
"10,654 ",4,22,12,0.1
"10,654 ",39,18,20,0.1
"10,654 ",54,7.45,6,0.1
"10,655 ",41,9.65,20,0.2
"10,656 ",14,23.25,3,0.1
"10,656 ",44,19.45,28,0.1
"10,656 ",47,9.5,6,0.1
"10,657 ",15,15.5,50,0
"10,657 ",41,9.65,24,0
"10,657 ",46,12,45,0
"10,657 ",47,9.5,10,0
"10,657 ",56,38,45,0
"10,657 ",60,34,30,0
"10,658 ",21,10,60,0
"10,658 ",40,18.4,70,0.05
"10,658 ",60,34,55,0.05
"10,658 ",77,13,70,0.05
"10,659 ",31,12.5,20,0.05
"10,659 ",40,18.4,24,0.05
"10,659 ",70,15,40,0.05
"10,660 ",20,81,21,0
"10,661 ",39,18,3,0.2
"10,661 ",58,13.25,49,0.2
"10,662 ",68,12.5,10,0
"10,663 ",40,18.4,30,0.05
"10,663 ",42,14,30,0.05
"10,663 ",51,53,20,0.05
"10,664 ",10,31,24,0.15
"10,664 ",56,38,12,0.15
"10,664 ",65,21.05,15,0.15
"10,665 ",51,53,20,0
"10,665 ",59,55,1,0
"10,665 ",76,18,10,0
"10,666 ",29,123.79,36,0
"10,666 ",65,21.05,10,0
"10,667 ",69,36,45,0.2
"10,667 ",71,21.5,14,0.2
"10,668 ",31,12.5,8,0.1
"10,668 ",55,24,4,0.1
"10,668 ",64,33.25,15,0.1
"10,669 ",36,19,30,0
"10,670 ",23,9,32,0
"10,670 ",46,12,60,0
"10,670 ",67,14,25,0
"10,670 ",73,15,50,0
"10,670 ",75,7.75,25,0
"10,671 ",16,17.45,10,0
"10,671 ",62,49.3,10,0
"10,671 ",65,21.05,12,0
"10,672 ",38,263.5,15,0.1
"10,672 ",71,21.5,12,0
"10,673 ",16,17.45,3,0
"10,673 ",42,14,6,0
"10,673 ",43,46,6,0
"10,674 ",23,9,5,0
"10,675 ",14,23.25,30,0
"10,675 ",53,32.8,10,0
"10,675 ",58,13.25,30,0
"10,676 ",10,31,2,0
"10,676 ",19,9.2,7,0
"10,676 ",44,19.45,21,0
"10,677 ",26,31.23,30,0.15
"10,677 ",33,2.5,8,0.15
"10,678 ",12,38,100,0
"10,678 ",33,2.5,30,0
"10,678 ",41,9.65,120,0
"10,678 ",54,7.45,30,0
"10,679 ",59,55,12,0
"10,680 ",16,17.45,50,0.25
"10,680 ",31,12.5,20,0.25
"10,680 ",42,14,40,0.25
"10,681 ",19,9.2,30,0.1
"10,681 ",21,10,12,0.1
"10,681 ",64,33.25,28,0
"10,682 ",33,2.5,30,0
"10,682 ",66,17,4,0
"10,682 ",75,7.75,30,0
"10,683 ",52,7,9,0
"10,684 ",40,18.4,20,0
"10,684 ",47,9.5,40,0
"10,684 ",60,34,30,0
"10,685 ",10,31,20,0
"10,685 ",41,9.65,4,0
"10,685 ",47,9.5,15,0
"10,686 ",17,39,30,0.2
"10,686 ",26,31.23,15,0
"10,687 ",9,97,50,0.25
"10,687 ",29,123.79,10,0
"10,687 ",36,19,6,0.25
"10,688 ",10,31,18,0.1
"10,688 ",28,45.6,60,0.1
"10,688 ",34,14,14,0
"10,689 ",1,18,35,0.25
"10,690 ",56,38,20,0.25
"10,690 ",77,13,30,0.25
"10,691 ",1,18,30,0
"10,691 ",29,123.79,40,0
"10,691 ",43,46,40,0
"10,691 ",44,19.45,24,0
"10,691 ",62,49.3,48,0
"10,692 ",63,43.9,20,0
"10,693 ",9,97,6,0
"10,693 ",54,7.45,60,0.15
"10,693 ",69,36,30,0.15
"10,693 ",73,15,15,0.15
"10,694 ",7,30,90,0
"10,694 ",59,55,25,0
"10,694 ",70,15,50,0
"10,695 ",8,40,10,0
"10,695 ",12,38,4,0
"10,695 ",24,4.5,20,0
"10,696 ",17,39,20,0
"10,696 ",46,12,18,0
"10,697 ",19,9.2,7,0.25
"10,697 ",35,18,9,0.25
"10,697 ",58,13.25,30,0.25
"10,697 ",70,15,30,0.25
"10,698 ",11,21,15,0
"10,698 ",17,39,8,0.05
"10,698 ",29,123.79,12,0.05
"10,698 ",65,21.05,65,0.05
"10,698 ",70,15,8,0.05
"10,699 ",47,9.5,12,0
"10,700 ",1,18,5,0.2
"10,700 ",34,14,12,0.2
"10,700 ",68,12.5,40,0.2
"10,700 ",71,21.5,60,0.2
"10,701 ",59,55,42,0.15
"10,701 ",71,21.5,20,0.15
"10,701 ",76,18,35,0.15
"10,702 ",3,10,6,0
"10,702 ",76,18,15,0
"10,703 ",2,19,5,0
"10,703 ",59,55,35,0
"10,703 ",73,15,35,0
"10,704 ",4,22,6,0
"10,704 ",24,4.5,35,0
"10,704 ",48,12.75,24,0
"10,705 ",31,12.5,20,0
"10,705 ",32,32,4,0
"10,706 ",16,17.45,20,0
"10,706 ",43,46,24,0
"10,706 ",59,55,8,0
"10,707 ",55,24,21,0
"10,707 ",57,19.5,40,0
"10,707 ",70,15,28,0.15
"10,708 ",5,21.35,4,0
"10,708 ",36,19,5,0
"10,709 ",8,40,40,0
"10,709 ",51,53,28,0
"10,709 ",60,34,10,0
"10,710 ",19,9.2,5,0
"10,710 ",47,9.5,5,0
"10,711 ",19,9.2,12,0
"10,711 ",41,9.65,42,0
"10,711 ",53,32.8,120,0
"10,712 ",53,32.8,3,0.05
"10,712 ",56,38,30,0
"10,713 ",10,31,18,0
"10,713 ",26,31.23,30,0
"10,713 ",45,9.5,110,0
"10,713 ",46,12,24,0
"10,714 ",2,19,30,0.25
"10,714 ",17,39,27,0.25
"10,714 ",47,9.5,50,0.25
"10,714 ",56,38,18,0.25
"10,714 ",58,13.25,12,0.25
"10,715 ",10,31,21,0
"10,715 ",71,21.5,30,0
"10,716 ",21,10,5,0
"10,716 ",51,53,7,0
"10,716 ",61,28.5,10,0
"10,717 ",21,10,32,0.05
"10,717 ",54,7.45,15,0
"10,717 ",69,36,25,0.05
"10,718 ",12,38,36,0
"10,718 ",16,17.45,20,0
"10,718 ",36,19,40,0
"10,718 ",62,49.3,20,0
"10,719 ",18,62.5,12,0.25
"10,719 ",30,25.89,3,0.25
"10,719 ",54,7.45,40,0.25
"10,720 ",35,18,21,0
"10,720 ",71,21.5,8,0
"10,721 ",44,19.45,50,0.05
"10,722 ",2,19,3,0
"10,722 ",31,12.5,50,0
"10,722 ",68,12.5,45,0
"10,722 ",75,7.75,42,0
"10,723 ",26,31.23,15,0
"10,724 ",10,31,16,0
"10,724 ",61,28.5,5,0
"10,725 ",41,9.65,12,0
"10,725 ",52,7,4,0
"10,725 ",55,24,6,0
"10,726 ",4,22,25,0
"10,726 ",11,21,5,0
"10,727 ",17,39,20,0.05
"10,727 ",56,38,10,0.05
"10,727 ",59,55,10,0.05
"10,728 ",30,25.89,15,0
"10,728 ",40,18.4,6,0
"10,728 ",55,24,12,0
"10,728 ",60,34,15,0
"10,729 ",1,18,50,0
"10,729 ",21,10,30,0
"10,729 ",50,16.25,40,0
"10,730 ",16,17.45,15,0.05
"10,730 ",31,12.5,3,0.05
"10,730 ",65,21.05,10,0.05
"10,731 ",21,10,40,0.05
"10,731 ",51,53,30,0.05
"10,732 ",76,18,20,0
"10,733 ",14,23.25,16,0
"10,733 ",28,45.6,20,0
"10,733 ",52,7,25,0
"10,734 ",6,25,30,0
"10,734 ",30,25.89,15,0
"10,734 ",76,18,20,0
"10,735 ",61,28.5,20,0.1
"10,735 ",77,13,2,0.1
"10,736 ",65,21.05,40,0
"10,736 ",75,7.75,20,0
"10,737 ",13,6,4,0
"10,737 ",41,9.65,12,0
"10,738 ",16,17.45,3,0
"10,739 ",36,19,6,0
"10,739 ",52,7,18,0
"10,740 ",28,45.6,5,0.2
"10,740 ",35,18,35,0.2
"10,740 ",45,9.5,40,0.2
"10,740 ",56,38,14,0.2
"10,741 ",2,19,15,0.2
"10,742 ",3,10,20,0
"10,742 ",60,34,50,0
"10,742 ",72,34.8,35,0
"10,743 ",46,12,28,0.05
"10,744 ",40,18.4,50,0.2
"10,745 ",18,62.5,24,0
"10,745 ",44,19.45,16,0
"10,745 ",59,55,45,0
"10,745 ",72,34.8,7,0
"10,746 ",13,6,6,0
"10,746 ",42,14,28,0
"10,746 ",62,49.3,9,0
"10,746 ",69,36,40,0
"10,747 ",31,12.5,8,0
"10,747 ",41,9.65,35,0
"10,747 ",63,43.9,9,0
"10,747 ",69,36,30,0
"10,748 ",23,9,44,0
"10,748 ",40,18.4,40,0
"10,748 ",56,38,28,0
"10,749 ",56,38,15,0
"10,749 ",59,55,6,0
"10,749 ",76,18,10,0
"10,750 ",14,23.25,5,0.15
"10,750 ",45,9.5,40,0.15
"10,750 ",59,55,25,0.15
"10,751 ",26,31.23,12,0.1
"10,751 ",30,25.89,30,0
"10,751 ",50,16.25,20,0.1
"10,751 ",73,15,15,0
"10,752 ",1,18,8,0
"10,752 ",69,36,3,0
"10,753 ",45,9.5,4,0
"10,753 ",74,10,5,0
"10,754 ",40,18.4,3,0
"10,755 ",47,9.5,30,0.25
"10,755 ",56,38,30,0.25
"10,755 ",57,19.5,14,0.25
"10,755 ",69,36,25,0.25
"10,756 ",18,62.5,21,0.2
"10,756 ",36,19,20,0.2
"10,756 ",68,12.5,6,0.2
"10,756 ",69,36,20,0.2
"10,757 ",34,14,30,0
"10,757 ",59,55,7,0
"10,757 ",62,49.3,30,0
"10,757 ",64,33.25,24,0
"10,758 ",26,31.23,20,0
"10,758 ",52,7,60,0
"10,758 ",70,15,40,0
"10,759 ",32,32,10,0
"10,760 ",25,14,12,0.25
"10,760 ",27,43.9,40,0
"10,760 ",43,46,30,0.25
"10,761 ",25,14,35,0.25
"10,761 ",75,7.75,18,0
"10,762 ",39,18,16,0
"10,762 ",47,9.5,30,0
"10,762 ",51,53,28,0
"10,762 ",56,38,60,0
"10,763 ",21,10,40,0
"10,763 ",22,21,6,0
"10,763 ",24,4.5,20,0
"10,764 ",3,10,20,0.1
"10,764 ",39,18,130,0.1
"10,765 ",65,21.05,80,0.1
"10,766 ",2,19,40,0
"10,766 ",7,30,35,0
"10,766 ",68,12.5,40,0
"10,767 ",42,14,2,0
"10,768 ",22,21,4,0
"10,768 ",31,12.5,50,0
"10,768 ",60,34,15,0
"10,768 ",71,21.5,12,0
"10,769 ",41,9.65,30,0.05
"10,769 ",52,7,15,0.05
"10,769 ",61,28.5,20,0
"10,769 ",62,49.3,15,0
"10,770 ",11,21,15,0.25
"10,771 ",71,21.5,16,0
"10,772 ",29,123.79,18,0
"10,772 ",59,55,25,0
"10,773 ",17,39,33,0
"10,773 ",31,12.5,70,0.2
"10,773 ",75,7.75,7,0.2
"10,774 ",31,12.5,2,0.25
"10,774 ",66,17,50,0
"10,775 ",10,31,6,0
"10,775 ",67,14,3,0
"10,776 ",31,12.5,16,0.05
"10,776 ",42,14,12,0.05
"10,776 ",45,9.5,27,0.05
"10,776 ",51,53,120,0.05
"10,777 ",42,14,20,0.2
"10,778 ",41,9.65,10,0
"10,779 ",16,17.45,20,0
"10,779 ",62,49.3,20,0
"10,780 ",70,15,35,0
"10,780 ",77,13,15,0
"10,781 ",54,7.45,3,0.2
"10,781 ",56,38,20,0.2
"10,781 ",74,10,35,0
"10,782 ",31,12.5,1,0
"10,783 ",31,12.5,10,0
"10,783 ",38,263.5,5,0
"10,784 ",36,19,30,0
"10,784 ",39,18,2,0.15
"10,784 ",72,34.8,30,0.15
"10,785 ",10,31,10,0
"10,785 ",75,7.75,10,0
"10,786 ",8,40,30,0.2
"10,786 ",30,25.89,15,0.2
"10,786 ",75,7.75,42,0.2
"10,787 ",2,19,15,0.05
"10,787 ",29,123.79,20,0.05
"10,788 ",19,9.2,50,0.05
"10,788 ",75,7.75,40,0.05
"10,789 ",18,62.5,30,0
"10,789 ",35,18,15,0
"10,789 ",63,43.9,30,0
"10,789 ",68,12.5,18,0
"10,790 ",7,30,3,0.15
"10,790 ",56,38,20,0.15
"10,791 ",29,123.79,14,0.05
"10,791 ",41,9.65,20,0.05
"10,792 ",2,19,10,0
"10,792 ",54,7.45,3,0
"10,792 ",68,12.5,15,0
"10,793 ",41,9.65,14,0
"10,793 ",52,7,8,0
"10,794 ",14,23.25,15,0.2
"10,794 ",54,7.45,6,0.2
"10,795 ",16,17.45,65,0
"10,795 ",17,39,35,0.25
"10,796 ",26,31.23,21,0.2
"10,796 ",44,19.45,10,0
"10,796 ",64,33.25,35,0.2
"10,796 ",69,36,24,0.2
"10,797 ",11,21,20,0
"10,798 ",62,49.3,2,0
"10,798 ",72,34.8,10,0
"10,799 ",13,6,20,0.15
"10,799 ",24,4.5,20,0.15
"10,799 ",59,55,25,0
"10,800 ",11,21,50,0.1
"10,800 ",51,53,10,0.1
"10,800 ",54,7.45,7,0.1
"10,801 ",17,39,40,0.25
"10,801 ",29,123.79,20,0.25
"10,802 ",30,25.89,25,0.25
"10,802 ",51,53,30,0.25
"10,802 ",55,24,60,0.25
"10,802 ",62,49.3,5,0.25
"10,803 ",19,9.2,24,0.05
"10,803 ",25,14,15,0.05
"10,803 ",59,55,15,0.05
"10,804 ",10,31,36,0
"10,804 ",28,45.6,24,0
"10,804 ",49,20,4,0.15
"10,805 ",34,14,10,0
"10,805 ",38,263.5,10,0
"10,806 ",2,19,20,0.25
"10,806 ",65,21.05,2,0
"10,806 ",74,10,15,0.25
"10,807 ",40,18.4,1,0
"10,808 ",56,38,20,0.15
"10,808 ",76,18,50,0.15
"10,809 ",52,7,20,0
"10,810 ",13,6,7,0
"10,810 ",25,14,5,0
"10,810 ",70,15,5,0
"10,811 ",19,9.2,15,0
"10,811 ",23,9,18,0
"10,811 ",40,18.4,30,0
"10,812 ",31,12.5,16,0.1
"10,812 ",72,34.8,40,0.1
"10,812 ",77,13,20,0
"10,813 ",2,19,12,0.2
"10,813 ",46,12,35,0
"10,814 ",41,9.65,20,0
"10,814 ",43,46,20,0.15
"10,814 ",48,12.75,8,0.15
"10,814 ",61,28.5,30,0.15
"10,815 ",33,2.5,16,0
"10,816 ",38,263.5,30,0.05
"10,816 ",62,49.3,20,0.05
"10,817 ",26,31.23,40,0.15
"10,817 ",38,263.5,30,0
"10,817 ",40,18.4,60,0.15
"10,817 ",62,49.3,25,0.15
"10,818 ",32,32,20,0
"10,818 ",41,9.65,20,0
"10,819 ",43,46,7,0
"10,819 ",75,7.75,20,0
"10,820 ",56,38,30,0
"10,821 ",35,18,20,0
"10,821 ",51,53,6,0
"10,822 ",62,49.3,3,0
"10,822 ",70,15,6,0
"10,823 ",11,21,20,0.1
"10,823 ",57,19.5,15,0
"10,823 ",59,55,40,0.1
"10,823 ",77,13,15,0.1
"10,824 ",41,9.65,12,0
"10,824 ",70,15,9,0
"10,825 ",26,31.23,12,0
"10,825 ",53,32.8,20,0
"10,826 ",31,12.5,35,0
"10,826 ",57,19.5,15,0
"10,827 ",10,31,15,0
"10,827 ",39,18,21,0
"10,828 ",20,81,5,0
"10,828 ",38,263.5,2,0
"10,829 ",2,19,10,0
"10,829 ",8,40,20,0
"10,829 ",13,6,10,0
"10,829 ",60,34,21,0
"10,830 ",6,25,6,0
"10,830 ",39,18,28,0
"10,830 ",60,34,30,0
"10,830 ",68,12.5,24,0
"10,831 ",19,9.2,2,0
"10,831 ",35,18,8,0
"10,831 ",38,263.5,8,0
"10,831 ",43,46,9,0
"10,832 ",13,6,3,0.2
"10,832 ",25,14,10,0.2
"10,832 ",44,19.45,16,0.2
"10,832 ",64,33.25,3,0
"10,833 ",7,30,20,0.1
"10,833 ",31,12.5,9,0.1
"10,833 ",53,32.8,9,0.1
"10,834 ",29,123.79,8,0.05
"10,834 ",30,25.89,20,0.05
"10,835 ",59,55,15,0
"10,835 ",77,13,2,0.2
"10,836 ",22,21,52,0
"10,836 ",35,18,6,0
"10,836 ",57,19.5,24,0
"10,836 ",60,34,60,0
"10,836 ",64,33.25,30,0
"10,837 ",13,6,6,0
"10,837 ",40,18.4,25,0
"10,837 ",47,9.5,40,0.25
"10,837 ",76,18,21,0.25
"10,838 ",1,18,4,0.25
"10,838 ",18,62.5,25,0.25
"10,838 ",36,19,50,0.25
"10,839 ",58,13.25,30,0.1
"10,839 ",72,34.8,15,0.1
"10,840 ",25,14,6,0.2
"10,840 ",39,18,10,0.2
"10,841 ",10,31,16,0
"10,841 ",56,38,30,0
"10,841 ",59,55,50,0
"10,841 ",77,13,15,0
"10,842 ",11,21,15,0
"10,842 ",43,46,5,0
"10,842 ",68,12.5,20,0
"10,842 ",70,15,12,0
"10,843 ",51,53,4,0.25
"10,844 ",22,21,35,0
"10,845 ",23,9,70,0.1
"10,845 ",35,18,25,0.1
"10,845 ",42,14,42,0.1
"10,845 ",58,13.25,60,0.1
"10,845 ",64,33.25,48,0
"10,846 ",4,22,21,0
"10,846 ",70,15,30,0
"10,846 ",74,10,20,0
"10,847 ",1,18,80,0.2
"10,847 ",19,9.2,12,0.2
"10,847 ",37,26,60,0.2
"10,847 ",45,9.5,36,0.2
"10,847 ",60,34,45,0.2
"10,847 ",71,21.5,55,0.2
"10,848 ",5,21.35,30,0
"10,848 ",9,97,3,0
"10,849 ",3,10,49,0
"10,849 ",26,31.23,18,0.15
"10,850 ",25,14,20,0.15
"10,850 ",33,2.5,4,0.15
"10,850 ",70,15,30,0.15
"10,851 ",2,19,5,0.05
"10,851 ",25,14,10,0.05
"10,851 ",57,19.5,10,0.05
"10,851 ",59,55,42,0.05
"10,852 ",2,19,15,0
"10,852 ",17,39,6,0
"10,852 ",62,49.3,50,0
"10,853 ",18,62.5,10,0
"10,854 ",10,31,100,0.15
"10,854 ",13,6,65,0.15
"10,855 ",16,17.45,50,0
"10,855 ",31,12.5,14,0
"10,855 ",56,38,24,0
"10,855 ",65,21.05,15,0.15
"10,856 ",2,19,20,0
"10,856 ",42,14,20,0
"10,857 ",3,10,30,0
"10,857 ",26,31.23,35,0.25
"10,857 ",29,123.79,10,0.25
"10,858 ",7,30,5,0
"10,858 ",27,43.9,10,0
"10,858 ",70,15,4,0
"10,859 ",24,4.5,40,0.25
"10,859 ",54,7.45,35,0.25
"10,859 ",64,33.25,30,0.25
"10,860 ",51,53,3,0
"10,860 ",76,18,20,0
"10,861 ",17,39,42,0
"10,861 ",18,62.5,20,0
"10,861 ",21,10,40,0
"10,861 ",33,2.5,35,0
"10,861 ",62,49.3,3,0
"10,862 ",11,21,25,0
"10,862 ",52,7,8,0
"10,863 ",1,18,20,0.15
"10,863 ",58,13.25,12,0.15
"10,864 ",35,18,4,0
"10,864 ",67,14,15,0
"10,865 ",38,263.5,60,0.05
"10,865 ",39,18,80,0.05
"10,866 ",2,19,21,0.25
"10,866 ",24,4.5,6,0.25
"10,866 ",30,25.89,40,0.25
"10,867 ",53,32.8,3,0
"10,868 ",26,31.23,20,0
"10,868 ",35,18,30,0
"10,868 ",49,20,42,0.1
"10,869 ",1,18,40,0
"10,869 ",11,21,10,0
"10,869 ",23,9,50,0
"10,869 ",68,12.5,20,0
"10,870 ",35,18,3,0
"10,870 ",51,53,2,0
"10,871 ",6,25,50,0.05
"10,871 ",16,17.45,12,0.05
"10,871 ",17,39,16,0.05
"10,872 ",55,24,10,0.05
"10,872 ",62,49.3,20,0.05
"10,872 ",64,33.25,15,0.05
"10,872 ",65,21.05,21,0.05
"10,873 ",21,10,20,0
"10,873 ",28,45.6,3,0
"10,874 ",10,31,10,0
"10,875 ",19,9.2,25,0
"10,875 ",47,9.5,21,0.1
"10,875 ",49,20,15,0
"10,876 ",46,12,21,0
"10,876 ",64,33.25,20,0
"10,877 ",16,17.45,30,0.25
"10,877 ",18,62.5,25,0
"10,878 ",20,81,20,0.05
"10,879 ",40,18.4,12,0
"10,879 ",65,21.05,10,0
"10,879 ",76,18,10,0
"10,880 ",23,9,30,0.2
"10,880 ",61,28.5,30,0.2
"10,880 ",70,15,50,0.2
"10,881 ",73,15,10,0
"10,882 ",42,14,25,0
"10,882 ",49,20,20,0.15
"10,882 ",54,7.45,32,0.15
"10,883 ",24,4.5,8,0
"10,884 ",21,10,40,0.05
"10,884 ",56,38,21,0.05
"10,884 ",65,21.05,12,0.05
"10,885 ",2,19,20,0
"10,885 ",24,4.5,12,0
"10,885 ",70,15,30,0
"10,885 ",77,13,25,0
"10,886 ",10,31,70,0
"10,886 ",31,12.5,35,0
"10,886 ",77,13,40,0
"10,887 ",25,14,5,0
"10,888 ",2,19,20,0
"10,888 ",68,12.5,18,0
"10,889 ",11,21,40,0
"10,889 ",38,263.5,40,0
"10,890 ",17,39,15,0
"10,890 ",34,14,10,0
"10,890 ",41,9.65,14,0
"10,891 ",30,25.89,15,0.05
"10,892 ",59,55,40,0.05
"10,893 ",8,40,30,0
"10,893 ",24,4.5,10,0
"10,893 ",29,123.79,24,0
"10,893 ",30,25.89,35,0
"10,893 ",36,19,20,0
"10,894 ",13,6,28,0.05
"10,894 ",69,36,50,0.05
"10,894 ",75,7.75,120,0.05
"10,895 ",24,4.5,110,0
"10,895 ",39,18,45,0
"10,895 ",40,18.4,91,0
"10,895 ",60,34,100,0
"10,896 ",45,9.5,15,0
"10,896 ",56,38,16,0
"10,897 ",29,123.79,80,0
"10,897 ",30,25.89,36,0
"10,898 ",13,6,5,0
"10,899 ",39,18,8,0.15
"10,900 ",70,15,3,0.25
"10,901 ",41,9.65,30,0
"10,901 ",71,21.5,30,0
"10,902 ",55,24,30,0.15
"10,902 ",62,49.3,6,0.15
"10,903 ",13,6,40,0
"10,903 ",65,21.05,21,0
"10,903 ",68,12.5,20,0
"10,904 ",58,13.25,15,0
"10,904 ",62,49.3,35,0
"10,905 ",1,18,20,0.05
"10,906 ",61,28.5,15,0
"10,907 ",75,7.75,14,0
"10,908 ",7,30,20,0.05
"10,908 ",52,7,14,0.05
"10,909 ",7,30,12,0
"10,909 ",16,17.45,15,0
"10,909 ",41,9.65,5,0
"10,910 ",19,9.2,12,0
"10,910 ",49,20,10,0
"10,910 ",61,28.5,5,0
"10,911 ",1,18,10,0
"10,911 ",17,39,12,0
"10,911 ",67,14,15,0
"10,912 ",11,21,40,0.25
"10,912 ",29,123.79,60,0.25
"10,913 ",4,22,30,0.25
"10,913 ",33,2.5,40,0.25
"10,913 ",58,13.25,15,0
"10,914 ",71,21.5,25,0
"10,915 ",17,39,10,0
"10,915 ",33,2.5,30,0
"10,915 ",54,7.45,10,0
"10,916 ",16,17.45,6,0
"10,916 ",32,32,6,0
"10,916 ",57,19.5,20,0
"10,917 ",30,25.89,1,0
"10,917 ",60,34,10,0
"10,918 ",1,18,60,0.25
"10,918 ",60,34,25,0.25
"10,919 ",16,17.45,24,0
"10,919 ",25,14,24,0
"10,919 ",40,18.4,20,0
"10,920 ",50,16.25,24,0
"10,921 ",35,18,10,0
"10,921 ",63,43.9,40,0
"10,922 ",17,39,15,0
"10,922 ",24,4.5,35,0
"10,923 ",42,14,10,0.2
"10,923 ",43,46,10,0.2
"10,923 ",67,14,24,0.2
"10,924 ",10,31,20,0.1
"10,924 ",28,45.6,30,0.1
"10,924 ",75,7.75,6,0
"10,925 ",36,19,25,0.15
"10,925 ",52,7,12,0.15
"10,926 ",11,21,2,0
"10,926 ",13,6,10,0
"10,926 ",19,9.2,7,0
"10,926 ",72,34.8,10,0
"10,927 ",20,81,5,0
"10,927 ",52,7,5,0
"10,927 ",76,18,20,0
"10,928 ",47,9.5,5,0
"10,928 ",76,18,5,0
"10,929 ",21,10,60,0
"10,929 ",75,7.75,49,0
"10,929 ",77,13,15,0
"10,930 ",21,10,36,0
"10,930 ",27,43.9,25,0
"10,930 ",55,24,25,0.2
"10,930 ",58,13.25,30,0.2
"10,931 ",13,6,42,0.15
"10,931 ",57,19.5,30,0
"10,932 ",16,17.45,30,0.1
"10,932 ",62,49.3,14,0.1
"10,932 ",72,34.8,16,0
"10,932 ",75,7.75,20,0.1
"10,933 ",53,32.8,2,0
"10,933 ",61,28.5,30,0
"10,934 ",6,25,20,0
"10,935 ",1,18,21,0
"10,935 ",18,62.5,4,0.25
"10,935 ",23,9,8,0.25
"10,936 ",36,19,30,0.2
"10,937 ",28,45.6,8,0
"10,937 ",34,14,20,0
"10,938 ",13,6,20,0.25
"10,938 ",43,46,24,0.25
"10,938 ",60,34,49,0.25
"10,938 ",71,21.5,35,0.25
"10,939 ",2,19,10,0.15
"10,939 ",67,14,40,0.15
"10,940 ",7,30,8,0
"10,940 ",13,6,20,0
"10,941 ",31,12.5,44,0.25
"10,941 ",62,49.3,30,0.25
"10,941 ",68,12.5,80,0.25
"10,941 ",72,34.8,50,0
"10,942 ",49,20,28,0
"10,943 ",13,6,15,0
"10,943 ",22,21,21,0
"10,943 ",46,12,15,0
"10,944 ",11,21,5,0.25
"10,944 ",44,19.45,18,0.25
"10,944 ",56,38,18,0
"10,945 ",13,6,20,0
"10,945 ",31,12.5,10,0
"10,946 ",10,31,25,0
"10,946 ",24,4.5,25,0
"10,946 ",77,13,40,0
"10,947 ",59,55,4,0
"10,948 ",50,16.25,9,0
"10,948 ",51,53,40,0
"10,948 ",55,24,4,0
"10,949 ",6,25,12,0
"10,949 ",10,31,30,0
"10,949 ",17,39,6,0
"10,949 ",62,49.3,60,0
"10,950 ",4,22,5,0
"10,951 ",33,2.5,15,0.05
"10,951 ",41,9.65,6,0.05
"10,951 ",75,7.75,50,0.05
"10,952 ",6,25,16,0.05
"10,952 ",28,45.6,2,0
"10,953 ",20,81,50,0.05
"10,953 ",31,12.5,50,0.05
"10,954 ",16,17.45,28,0.15
"10,954 ",31,12.5,25,0.15
"10,954 ",45,9.5,30,0
"10,954 ",60,34,24,0.15
"10,955 ",75,7.75,12,0.2
"10,956 ",21,10,12,0
"10,956 ",47,9.5,14,0
"10,956 ",51,53,8,0
"10,957 ",30,25.89,30,0
"10,957 ",35,18,40,0
"10,957 ",64,33.25,8,0
"10,958 ",5,21.35,20,0
"10,958 ",7,30,6,0
"10,958 ",72,34.8,5,0
"10,959 ",75,7.75,20,0.15
"10,960 ",24,4.5,10,0.25
"10,960 ",41,9.65,24,0
"10,961 ",52,7,6,0.05
"10,961 ",76,18,60,0
"10,962 ",7,30,45,0
"10,962 ",13,6,77,0
"10,962 ",53,32.8,20,0
"10,962 ",69,36,9,0
"10,962 ",76,18,44,0
"10,963 ",60,34,2,0.15
"10,964 ",18,62.5,6,0
"10,964 ",38,263.5,5,0
"10,964 ",69,36,10,0
"10,965 ",51,53,16,0
"10,966 ",37,26,8,0
"10,966 ",56,38,12,0.15
"10,966 ",62,49.3,12,0.15
"10,967 ",19,9.2,12,0
"10,967 ",49,20,40,0
"10,968 ",12,38,30,0
"10,968 ",24,4.5,30,0
"10,968 ",64,33.25,4,0
"10,969 ",46,12,9,0
"10,970 ",52,7,40,0.2
"10,971 ",29,123.79,14,0
"10,972 ",17,39,6,0
"10,972 ",33,2.5,7,0
"10,973 ",26,31.23,5,0
"10,973 ",41,9.65,6,0
"10,973 ",75,7.75,10,0
"10,974 ",63,43.9,10,0
"10,975 ",8,40,16,0
"10,975 ",75,7.75,10,0
"10,976 ",28,45.6,20,0
"10,977 ",39,18,30,0
"10,977 ",47,9.5,30,0
"10,977 ",51,53,10,0
"10,977 ",63,43.9,20,0
"10,978 ",8,40,20,0.15
"10,978 ",21,10,40,0.15
"10,978 ",40,18.4,10,0
"10,978 ",44,19.45,6,0.15
"10,979 ",7,30,18,0
"10,979 ",12,38,20,0
"10,979 ",24,4.5,80,0
"10,979 ",27,43.9,30,0
"10,979 ",31,12.5,24,0
"10,979 ",63,43.9,35,0
"10,980 ",75,7.75,40,0.2
"10,981 ",38,263.5,60,0
"10,982 ",7,30,20,0
"10,982 ",43,46,9,0
"10,983 ",13,6,84,0.15
"10,983 ",57,19.5,15,0
"10,984 ",16,17.45,55,0
"10,984 ",24,4.5,20,0
"10,984 ",36,19,40,0
"10,985 ",16,17.45,36,0.1
"10,985 ",18,62.5,8,0.1
"10,985 ",32,32,35,0.1
"10,986 ",11,21,30,0
"10,986 ",20,81,15,0
"10,986 ",76,18,10,0
"10,986 ",77,13,15,0
"10,987 ",7,30,60,0
"10,987 ",43,46,6,0
"10,987 ",72,34.8,20,0
"10,988 ",7,30,60,0
"10,988 ",62,49.3,40,0.1
"10,989 ",6,25,40,0
"10,989 ",11,21,15,0
"10,989 ",41,9.65,4,0
"10,990 ",21,10,65,0
"10,990 ",34,14,60,0.15
"10,990 ",55,24,65,0.15
"10,990 ",61,28.5,66,0.15
"10,991 ",2,19,50,0.2
"10,991 ",70,15,20,0.2
"10,991 ",76,18,90,0.2
"10,992 ",72,34.8,2,0
"10,993 ",29,123.79,50,0.25
"10,993 ",41,9.65,35,0.25
"10,994 ",59,55,18,0.05
"10,995 ",51,53,20,0
"10,995 ",60,34,4,0
"10,996 ",42,14,40,0
"10,997 ",32,32,50,0
"10,997 ",46,12,20,0.25
"10,997 ",52,7,20,0.25
"10,998 ",24,4.5,12,0
"10,998 ",61,28.5,7,0
"10,998 ",74,10,20,0
"10,998 ",75,7.75,30,0
"10,999 ",41,9.65,20,0.05
"10,999 ",51,53,15,0.05
"10,999 ",77,13,21,0.05
"11,000 ",4,22,25,0.25
"11,000 ",24,4.5,30,0.25
"11,000 ",77,13,30,0
"11,001 ",7,30,60,0
"11,001 ",22,21,25,0
"11,001 ",46,12,25,0
"11,001 ",55,24,6,0
"11,002 ",13,6,56,0
"11,002 ",35,18,15,0.15
"11,002 ",42,14,24,0.15
"11,002 ",55,24,40,0
"11,003 ",1,18,4,0
"11,003 ",40,18.4,10,0
"11,003 ",52,7,10,0
"11,004 ",26,31.23,6,0
"11,004 ",76,18,6,0
"11,005 ",1,18,2,0
"11,005 ",59,55,10,0
"11,006 ",1,18,8,0
"11,006 ",29,123.79,2,0.25
"11,007 ",8,40,30,0
"11,007 ",29,123.79,10,0
"11,007 ",42,14,14,0
"11,008 ",28,45.6,70,0.05
"11,008 ",34,14,90,0.05
"11,008 ",71,21.5,21,0
"11,009 ",24,4.5,12,0
"11,009 ",36,19,18,0.25
"11,009 ",60,34,9,0
"11,010 ",7,30,20,0
"11,010 ",24,4.5,10,0
"11,011 ",58,13.25,40,0.05
"11,011 ",71,21.5,20,0
"11,012 ",19,9.2,50,0.05
"11,012 ",60,34,36,0.05
"11,012 ",71,21.5,60,0.05
"11,013 ",23,9,10,0
"11,013 ",42,14,4,0
"11,013 ",45,9.5,20,0
"11,013 ",68,12.5,2,0
"11,014 ",41,9.65,28,0.1
"11,015 ",30,25.89,15,0
"11,015 ",77,13,18,0
"11,016 ",31,12.5,15,0
"11,016 ",36,19,16,0
"11,017 ",3,10,25,0
"11,017 ",59,55,110,0
"11,017 ",70,15,30,0
"11,018 ",12,38,20,0
"11,018 ",18,62.5,10,0
"11,018 ",56,38,5,0
"11,019 ",46,12,3,0
"11,019 ",49,20,2,0
"11,020 ",10,31,24,0.15
"11,021 ",2,19,11,0.25
"11,021 ",20,81,15,0
"11,021 ",26,31.23,63,0
"11,021 ",51,53,44,0.25
"11,021 ",72,34.8,35,0
"11,022 ",19,9.2,35,0
"11,022 ",69,36,30,0
"11,023 ",7,30,4,0
"11,023 ",43,46,30,0
"11,024 ",26,31.23,12,0
"11,024 ",33,2.5,30,0
"11,024 ",65,21.05,21,0
"11,024 ",71,21.5,50,0
"11,025 ",1,18,10,0.1
"11,025 ",13,6,20,0.1
"11,026 ",18,62.5,8,0
"11,026 ",51,53,10,0
"11,027 ",24,4.5,30,0.25
"11,027 ",62,49.3,21,0.25
"11,028 ",55,24,35,0
"11,028 ",59,55,24,0
"11,029 ",56,38,20,0
"11,029 ",63,43.9,12,0
"11,030 ",2,19,100,0.25
"11,030 ",5,21.35,70,0
"11,030 ",29,123.79,60,0.25
"11,030 ",59,55,100,0.25
"11,031 ",1,18,45,0
"11,031 ",13,6,80,0
"11,031 ",24,4.5,21,0
"11,031 ",64,33.25,20,0
"11,031 ",71,21.5,16,0
"11,032 ",36,19,35,0
"11,032 ",38,263.5,25,0
"11,032 ",59,55,30,0
"11,033 ",53,32.8,70,0.1
"11,033 ",69,36,36,0.1
"11,034 ",21,10,15,0.1
"11,034 ",44,19.45,12,0
"11,034 ",61,28.5,6,0
"11,035 ",1,18,10,0
"11,035 ",35,18,60,0
"11,035 ",42,14,30,0
"11,035 ",54,7.45,10,0
"11,036 ",13,6,7,0
"11,036 ",59,55,30,0
"11,037 ",70,15,4,0
"11,038 ",40,18.4,5,0.2
"11,038 ",52,7,2,0
"11,038 ",71,21.5,30,0
"11,039 ",28,45.6,20,0
"11,039 ",35,18,24,0
"11,039 ",49,20,60,0
"11,039 ",57,19.5,28,0
"11,040 ",21,10,20,0
"11,041 ",2,19,30,0.2
"11,041 ",63,43.9,30,0
"11,042 ",44,19.45,15,0
"11,042 ",61,28.5,4,0
"11,043 ",11,21,10,0
"11,044 ",62,49.3,12,0
"11,045 ",33,2.5,15,0
"11,045 ",51,53,24,0
"11,046 ",12,38,20,0.05
"11,046 ",32,32,15,0.05
"11,046 ",35,18,18,0.05
"11,047 ",1,18,25,0.25
"11,047 ",5,21.35,30,0.25
"11,048 ",68,12.5,42,0
"11,049 ",2,19,10,0.2
"11,049 ",12,38,4,0.2
"11,050 ",76,18,50,0.1
"11,051 ",24,4.5,10,0.2
"11,052 ",43,46,30,0.2
"11,052 ",61,28.5,10,0.2
"11,053 ",18,62.5,35,0.2
"11,053 ",32,32,20,0
"11,053 ",64,33.25,25,0.2
"11,054 ",33,2.5,10,0
"11,054 ",67,14,20,0
"11,055 ",24,4.5,15,0
"11,055 ",25,14,15,0
"11,055 ",51,53,20,0
"11,055 ",57,19.5,20,0
"11,056 ",7,30,40,0
"11,056 ",55,24,35,0
"11,056 ",60,34,50,0
"11,057 ",70,15,3,0
"11,058 ",21,10,3,0
"11,058 ",60,34,21,0
"11,058 ",61,28.5,4,0
"11,059 ",13,6,30,0
"11,059 ",17,39,12,0
"11,059 ",60,34,35,0
"11,060 ",60,34,4,0
"11,060 ",77,13,10,0
"11,061 ",60,34,15,0
"11,062 ",53,32.8,10,0.2
"11,062 ",70,15,12,0.2
"11,063 ",34,14,30,0
"11,063 ",40,18.4,40,0.1
"11,063 ",41,9.65,30,0.1
"11,064 ",17,39,77,0.1
"11,064 ",41,9.65,12,0
"11,064 ",53,32.8,25,0.1
"11,064 ",55,24,4,0.1
"11,064 ",68,12.5,55,0
"11,065 ",30,25.89,4,0.25
"11,065 ",54,7.45,20,0.25
"11,066 ",16,17.45,3,0
"11,066 ",19,9.2,42,0
"11,066 ",34,14,35,0
"11,067 ",41,9.65,9,0
"11,068 ",28,45.6,8,0.15
"11,068 ",43,46,36,0.15
"11,068 ",77,13,28,0.15
"11,069 ",39,18,20,0
"11,070 ",1,18,40,0.15
"11,070 ",2,19,20,0.15
"11,070 ",16,17.45,30,0.15
"11,070 ",31,12.5,20,0
"11,071 ",7,30,15,0.05
"11,071 ",13,6,10,0.05
"11,072 ",2,19,8,0
"11,072 ",41,9.65,40,0
"11,072 ",50,16.25,22,0
"11,072 ",64,33.25,130,0
"11,073 ",11,21,10,0
"11,073 ",24,4.5,20,0
"11,074 ",16,17.45,14,0.05
"11,075 ",2,19,10,0.15
"11,075 ",46,12,30,0.15
"11,075 ",76,18,2,0.15
"11,076 ",6,25,20,0.25
"11,076 ",14,23.25,20,0.25
"11,076 ",19,9.2,10,0.25
"11,077 ",2,19,24,0.2
"11,077 ",3,10,4,0
"11,077 ",4,22,1,0
"11,077 ",6,25,1,0.02
"11,077 ",7,30,1,0.05
"11,077 ",8,40,2,0.1
"11,077 ",10,31,1,0
"11,077 ",12,38,2,0.05
"11,077 ",13,6,4,0
"11,077 ",14,23.25,1,0.03
"11,077 ",16,17.45,2,0.03
"11,077 ",20,81,1,0.04
"11,077 ",23,9,2,0
"11,077 ",32,32,1,0
"11,077 ",39,18,2,0.05
"11,077 ",41,9.65,3,0
"11,077 ",46,12,3,0.02
"11,077 ",52,7,2,0
"11,077 ",55,24,2,0
"11,077 ",60,34,2,0.06
"11,077 ",64,33.25,2,0.03
"11,077 ",66,17,1,0
"11,077 ",73,15,2,0.01
"11,077 ",75,7.75,4,0
"11,077 ",77,13,2,0
